Designator,Qty,Value,Package,Manufacturer,PartNumber,Distributor,DistributorPartNumber
U1,1,HUSB238,QFN-16,Hynetek,HUSB238,LCSC,C2838520
U2,1,HY2120-LB,SOT-23-6,Hycon,HY2120-LB,LCSC,C2682619
U3,1,HY2212-BB3A,SOT-23-6,Hycon,HY2212-BB3A,LCSC,C347391
U4,1,HY2212-BB3A,SOT-23-6,Hycon,HY2212-BB3A,LCSC,C347391
U5,1,MP2762AGV-Z,QFN-30,MPS,MP2762AGV-Z,DigiKey,1589-MP2762AGV-ZCT-ND
U6,1,TPS55289RYHR,QFN-21,Texas Instruments,TPS55289RYHR,DigiKey,296-TPS55289RYHRCT-ND
U7,1,TPS70933DBVR,SOT-23-5,Texas Instruments,TPS70933DBVR,DigiKey,296-35688-1-ND
U8,1,RP2040,QFN-56,Raspberry Pi,RP2040,DigiKey,2648-SC0914CT-ND
U9,1,W25Q128JVSIQ,SOIC-8,Winbond,W25Q128JVSIQ,LCSC,C97521
Q1,1,DMP3010LK3-13,PowerDI5060,Diodes Inc,DMP3010LK3-13,DigiKey,DMP3010LK3-13DICT-ND
Q2,1,AO8822,TSSOP-8,Alpha & Omega,AO8822,LCSC,C28373
Q3,1,AO8822,TSSOP-8,Alpha & Omega,AO8822,LCSC,C28373
Q4,1,AO3401A,SOT-23,Alpha & Omega,AO3401A,LCSC,C15127
Q5,1,AO3401A,SOT-23,Alpha & Omega,AO3401A,LCSC,C15127
Q6,1,2N7002,SOT-23,onsemi,2N7002,LCSC,C8500
L1,1,2.2uH 6.5A,SMD-5x5,Sunlord,MWSA0503-2R2MT,LCSC,C408332
L2,1,1.5uH 11A,SMD-6.5x6.5,Wurth,744314150,DigiKey,732-2253-1-ND
D1,1,SMAJ24A,DO-214AC,Littelfuse,SMAJ24A,DigiKey,SMAJ24ALFCT-ND
D2,1,BZX84C15-7-F,SOT-23,Diodes Inc,BZX84C15-7-F,LCSC,C2199
D3,1,Green LED,0603,Everlight,19-217/GHC-YR1S2/3T,LCSC,C72043
D4,1,Amber LED,0603,Everlight,19-217/BHC-AP1Q2/3T,LCSC,C72041
D5,1,Red LED,0603,Everlight,19-217/R6C-AL1M2VY/3T,LCSC,C72038
ESD1,1,USBLC6-2SC6,SOT-23-6,STMicroelectronics,USBLC6-2SC6,DigiKey,497-5235-1-ND
ESD2,1,USBLC6-2SC6,SOT-23-6,STMicroelectronics,USBLC6-2SC6,DigiKey,497-5235-1-ND
Y1,1,12.000MHz,SMD-3.2x2.5,Yangxing Tech,X322512MOB4SI,LCSC,C9002
BH1,1,18650 Holder,SMD,Keystone,1048,DigiKey,36-1048-ND
BH2,1,18650 Holder,SMD,Keystone,1048,DigiKey,36-1048-ND
J1,1,TYPE-C-31-M-12,Hybrid,Korean Hroparts,TYPE-C-31-M-12,LCSC,C165948
J2,1,TYPE-C-31-M-12,Hybrid,Korean Hroparts,TYPE-C-31-M-12,LCSC,C165948
J3,1,SM04B-SRSS-TB,SMD-1.0mm,JST,SM04B-SRSS-TB,DigiKey,455-1804-1-ND
J4,1,SM02B-SRSS-TB,SMD-1.0mm,JST,SM02B-SRSS-TB,DigiKey,455-1802-1-ND
J5,1,SM04B-SRSS-TB,SMD-1.0mm,JST,SM04B-SRSS-TB,DigiKey,455-1804-1-ND
SW1,1,PTS636 SM43 LFS,SMD-3x4,C&K,PTS636 SM43 LFS,DigiKey,CKN10892CT-ND
SW2,1,PTS636 SM43 LFS,SMD-3x4,C&K,PTS636 SM43 LFS,DigiKey,CKN10892CT-ND
R_SNS,1,10mOhm 1% 0.5W,1206,Vishay,WSL1206R0100FEA,DigiKey,WSL-.010CT-ND
R_B1,1,68 Ohm 0.5W,1206,Yageo,RC1206FR-0768RL,LCSC,C17937
R_B2,1,68 Ohm 0.5W,1206,Yageo,RC1206FR-0768RL,LCSC,C17937
R_FB1,1,53.6k 0.1%,0603,Susumu,RR0816P-5362-D-71C,DigiKey,RR08P53.6KDCT-ND
R_FB2,1,10.0k 0.1%,0603,Susumu,RR0816P-1002-D-M,DigiKey,RR08P10.0KDCT-ND
C_OUT_POLY,1,330uF 10V Polymer,Radial-6.3x8,Panasonic,10SEPF330M,DigiKey,P16399CT-ND
C_SYS_POLY,1,100uF 25V Hybrid,Radial-6.3x8,Panasonic,EEH-ZA1E101XP,DigiKey,PCE5019CT-ND
RT1,1,10k NTC B=3950,0603,Murata,NCP18XH103F03RB,DigiKey,490-2434-1-ND
